 3v1n0 <mail@3v1n0.net>
 Adam Conrad <adconrad@0c3.net>
 agateau <aurelien.gateau@canonical.com>
 alanbell@ubuntu.com
 Alan Pope <alan.pope@canonical.com>
 Albert Astals <albert.astals@canonical.com>
 Alejandro Piñeiro <apinheiro@igalia.com>
 Alexander Fougner <fougner89@gmail.com>
 Alexandre Abreu <alexandre.abreu@canonical.com>
 Alexandros Frantzis <alexandros.frantzis@linaro.org>
 Alex Launi <alex.launi@canonical.com>
 Alfred Neumayer <dev.beidl@gmail.com>
 Allan LeSage <allanlesage@gmail.com>
 Andrea Azzarone
 Andrea Azzarone andrea.azzarone@canonical.com
 Andrea Azzarone <azzaronea@gmail.com>
 Andrea Cimitan <andrea.cimitan@canonical.com>
 Andrew Gaul <andrew@gaul.org>
 Andrew McCarthy <me@andrewmccarthy.ie>
 Andrey Logvinov <Andrey.Logvinov.81@gmail.com
 Aneesh Madhavan <aneeshmadhavan1@gmail.com>
 Angel Guzman Maeso <angel@quijost.com>
 asmoore82 <asmoore82@gmail.com>
 Aurélien Gâteau <aurelien.gateau@canonical.com>
 Automatic PS uploader <ps-jenkins@lists.canonical.com>
 Barry Warsaw <barry@ubuntu.com>
 Benjamin Kerensa <bkerensa@ubuntu.com>
 Bilal Akhtar <bilalakhtar@ubuntu.com>
 Bowmore <bowmores@telia.com>
 Brandon Schaefer <brandon.schaefer@canonical.com>
 Brandon Schaefer <brandontschaefer@gmail.com
 Brandon Schaefer <brandontschaefer@gmail.com>
 Brandon Schaefer <schbra02@evergreen.edu>
 Bryan Quigley <bryan.quigley@canonical.com>
 Cameron Hart <cam@bitshifter.net.nz>
 Charles Kerr <charles.kerr@canonical.com>
 Chase Douglas <chase.douglas@canonical.com>
 Chris Coulson <chris.coulson@canonical.com>
 chris.gagnon <chris.gagnon@canonical.com>
 Christopher James Halse Rogers <raof@ubuntu.com>
 Christopher Lee <chris.lee@canonical.com>
 Christopher Lee <veebers@gmail.com>
 Christopher Townsend <christopher.townsend@canonical.com>
 Chris Townsend <christopher.townsend@canonical.com>
 Daniel d'Andrada <daniel.dandrada@canonical.com>
 Daniel van Vugt <vanvugt@gmail.com>
 David Gomes <davidrafagomes@gmail.com>
 David Planella <david.planella@ubuntu.com>
 Didier Roche <didier.roche@canonical.com>
 Didier Roche <didrocks@ubuntu.com>
 Diego Sarmentero <diego.sarmentero@canonical.com>
 Diego Sarmentero <diego.sarmentero@gmail.com>
 Dimitri John Ledkov <dimitri.ledkov@canonical.com>
 Dimitri John Ledkov <xnox@ubuntu.com>
 Eleni Maria Stea <elene.mst@gmail.com>
 Eleni Maria Stea <elenimaria.stea@canonical.com>
 Evan McIntire <mcintire.evan@gmail.com>
 foxoman <foxoman.u@gmail.com>
 Francis Ginther <fginther@gmail.com>
 Francis Ginther <francis.ginther@canonical.com>
 Gabor Kelemen <kelemeng@ubuntu.com>
 Gary Lasker <gary.lasker@canonical.com>
 George Karavasilev <motorslav@gmail.com>
 Gerry Boland <gerry.boland@canonical.com>
 Gordon Allott <gord.allott@canonical.com>
 handsome_feng<445865575@qq.com>
 handsome_feng <445865575@qq.com>
 Henri De Veene <henri.deveene@gmail.com>
 Iain Lane <iain.lane@canonical.com>
 Iain Lane <iain@orangesquash.org.uk>
 Jacob Edwards
 James Henstridge <james@jamesh.id.au>
 Jani Monoses <jani@ubuntu.com>
 Jason Conti <jason.conti@gmail.com>
 Jason Smith <jason.smith@canonical.com>
 Jay Ó Broin <ismise@lavabit.com>
 Jay Taoko <jay.taoko@canonical.com>
 Jeremy Bicha <jbicha@ubuntu.com>
 Jinkyu Yi <jincreator@jincreator.net>
 jokerdino@bvm128.zdom.org
 Jonas Schwabe
 Jussi Pakkanen <jussi.pakkanen@canonical.com>
 Ken VanDine <ken.vandine@canonical.com>
 Kevin DuBois <kevin.dubois@canonical.com>
 Koichi Akabe <vbkaisetsu@gmail.com>
 Lars Uebernickel <lars@uebernic.de>
 Lars Uebernickel <lars.uebernickel@canonical.com>
 Leo Arias <leo.arias@canonical.com>
 Lorenzo Mattei <lore.mattei@gmail.com>
 Lukas Vacek <lucas.vacek@gmail.com>
 Łukasz 'sil2100' Zemczak <lukasz.zemczak@canonical.com>
 Luke Yelavich <luke.yelavich@canonical.com>
 Manuel de la Pena <manuel@canonical.com>
 Manuel Nicetto <manuel.nicetto@gmail.com>
 Marc Deslauriers <marc.deslauriers@ubuntu.com>
 Marco Biscaro <marcobiscaro2112@gmail.com>
 Marco Mariani <dfly720@gmail.com>
 Marc Ordinas i Llopis <marc.ordinasillopis@linaro.org>
 Marco Trevisan
 Marco Trevisan <mail@3v1n0.net>
 Marco Trevisan <marco.trevisan@canonical.com>
 Marco Trevisan (Treviño)
 Marco Trevisan (Treviño) <mail@3v1n0.net>
 Marius Gedminas <marius@gedmin.as>
 Martin Albisetti <argentina@gmail.com>
 Martin Mrazik <martin.mrazik@canonical.com>
 Martin Mrazik <mrazik@gmail.com>
 Martin Pitt <martin.pitt@canonical.com>
 Martin Pitt <martin.pitt@ubuntu.com>
 Mathieu Trudel-Lapierre <mathieu.trudel-lapierre@canonical.com>
 Matthias Alles
 Matthias Klose <doko@ubuntu.com>
 Matthieu Baerts <matttbe@gmail.com>
 Matthieu James <matthieu.james@canonical.com>
 Maxim Ermilov <maxim.ermilov@canonical.com>
 MC Return <mc.return@gmx.net>
 Michael Hofmann <mh21@piware.de>
 Michael Rawson <michaelrawson76@gmail.com>
 Michael Terry <michael.terry@canonical.com>
 Michael Terry <mike@mterry.name>
 Michael Vogt <michael.vogt@ubuntu.com>
 Michael Zanetti <michael.zanetti@canonical.com>
 Michal Hruby <michal.mhr@gmail.com>
 Michi Henning <michi.henning@canonical.com>
 Mikkel Kamstrup Erlandsen <mikkel.kamstrup@gmail.com>
 Miklos Juhasz <juhasz.miklos.1@gmail.com>
 Mirco Müller <mirco.mueller@ubuntu.com>
 Mitsuya Shibata
 Neil Jagdish Patel <neil.patel@canonical.com>
 Nic d'Offay <nicolas.doffay@canonical.com>
 Nick Dedekind <nicholas.dedekind@gmail.com>
 Nick Dedekind <nick.dedekind@canonical.com>
 Nicolas Delvaux <contact@nicolas-delvaux.org>
 Nicolas d'Offay <nicolas.doffay@canonical.com>
 Nico van der Walt <nico@kimburu.co.za>
 Niklas Steger <niklas.steger@gmx.net>
 Oier Mees <oier.mees@gmail.com>
 Oliver Grawert <ogra@ubuntu.com>
 Oliver Sauder <os@esite.ch>
 Omer Akram <om26er@ubuntu.com>
 Omer Akram <omer.akram@canonical.com>
 Paolo Rotolo <paolorotolo@ubuntu.com>
 Paolo Rotolo <paolorotolo@ubuntu-it.org>
 Paul Sladen <sladen@canonical.com>
 Pawel Stolowski <pawel.stolowski@canonical.com>
 Pawel Stolowski <stolowski@gmail.com>
 Pawel Szubert
 Rafał Cieślak <rafalcieslak256@gmail.com>
 Renato Araujo Oliveira Filho <renato.filho@canonical.com>
 Ricardo Mendoza <ricardo.mendoza@canonical.com>
 Ricardo Salveti de Araujo <ricardo.salveti@canonical.com>
 Rick Spencer <rick.spencer@canonical.com>
 Robert Ancell <robert.ancell@canonical.com>
 Robert Carr <racarr@canonical.com>
 Robert Carr <robert.carr@canonical.com>
 Romain Perier <rperier@ubuntu.com>
 Ryan Lortie <desrt@desrt.ca>
 Sami Jaktholm <sjakthol@outlook.com>
 Sam Spilsbury <sam.spilsbury@canonical.com>
 Sebastien Bacher <seb128@ubuntu.com>
 smspillaz <sam.spilsbury@canonical.com>
 Stephen M. Webb <stephen.webb@canonical.com>
 Steve Langasek <steve.langasek@canonical.com>
 Sven Baars <svenb.linux@gmail.com>
 Ted Gould <ted@gould.cx>
 Thomas Voß <thomas.voss@canonical.com>
 Thomas Voß <thomas.voss@rub.de>
 Thomi Richards <thomir@gmail.com>
 Thomi Richards <thomi.richards@canonical.com>
 Tigran Gabrielyan <tigrangab@gmail.com>
 timo.jyrinki@canonical.com
 Timo Jyrinki <timo.jyrinki@canonical.com>
 Tim Penhey <tim.penhey@canonical.com>
 Ugo Riboni <ugo.riboni@canonical.com>
 Victor Eduardo <victormartinez79@gmail.com>
 William Hua <william.hua@canonical.com>
 Xiao-Long Chen <chenxiaolong@cxl.epac.to>
 Zaid Yeganeh <zaid.yeganeh@gmail.com>
